,Order,Name,Gender,Decade,Frequency
0,1,MARIA,Female,Before 1930,2085
1,2,CARMEN,Female,Before 1930,1463
2,3,JOSEFA,Female,Before 1930,1032
3,4,MONTSERRAT,Female,Before 1930,879
4,5,ROSA,Female,Before 1930,762
5,6,TERESA,Female,Before 1930,734
6,7,PILAR,Female,Before 1930,694
7,8,DOLORES,Female,Before 1930,679
8,9,MERCEDES,Female,Before 1930,603
9,10,FRANCISCA,Female,Before 1930,596
10,11,ANTONIA,Female,Before 1930,573
11,12,ISABEL,Female,Before 1930,544
12,13,CONCEPCION,Female,Before 1930,522
13,14,NURIA,Female,Before 1930,404
14,15,ANA,Female,Before 1930,350
15,16,JUANA,Female,Before 1930,315
16,17,M TERESA,Female,Before 1930,292
17,18,ROSARIO,Female,Before 1930,266
18,19,M ROSA,Female,Before 1930,245
19,20,JOSEFINA,Female,Before 1930,231
20,21,JULIA,Female,Before 1930,215
21,22,M CARMEN,Female,Before 1930,215
22,23,M DOLORES,Female,Before 1930,213
23,24,ANGELA,Female,Before 1930,209
24,25,MANUELA,Female,Before 1930,205
25,26,ANGELES,Female,Before 1930,202
26,27,MARGARITA,Female,Before 1930,198
27,28,EMILIA,Female,Before 1930,188
28,29,CARME,Female,Before 1930,185
29,30,M LUISA,Female,Before 1930,185
30,31,MERCE,Female,Before 1930,181
31,32,AMPARO,Female,Before 1930,171
32,33,LUISA,Female,Before 1930,157
33,34,ASUNCION,Female,Before 1930,151
34,35,ENCARNACIO,Female,Before 1930,147
35,36,RAMONA,Female,Before 1930,144
36,37,CONSUELO,Female,Before 1930,141
37,38,MATILDE,Female,Before 1930,134
38,39,M PILAR,Female,Before 1930,133
39,40,ELVIRA,Female,Before 1930,132
40,41,JOAQUINA,Female,Before 1930,132
41,42,AURORA,Female,Before 1930,131
42,43,VICTORIA,Female,Before 1930,129
43,44,VICENTA,Female,Before 1930,125
44,45,DOLORS,Female,Before 1930,122
45,46,ENRIQUETA,Female,Before 1930,121
46,47,ELENA,Female,Before 1930,118
47,48,MAGDALENA,Female,Before 1930,116
48,49,FELISA,Female,Before 1930,109
49,50,TRINIDAD,Female,Before 1930,107
50,1,MARIA,Female,1930,3839
51,2,CARMEN,Female,1930,3248
52,3,JOSEFA,Female,1930,2251
53,4,MONTSERRAT,Female,1930,1804
54,5,ROSA,Female,1930,1565
55,6,PILAR,Female,1930,1555
56,7,DOLORES,Female,1930,1431
57,8,ISABEL,Female,1930,1371
58,9,FRANCISCA,Female,1930,1361
59,10,ANTONIA,Female,1930,1316
60,11,TERESA,Female,1930,1291
61,12,MERCEDES,Female,1930,1244
62,13,NURIA,Female,1930,1066
63,14,CONCEPCION,Female,1930,1048
64,15,M TERESA,Female,1930,917
65,16,M CARMEN,Female,1930,891
66,17,M ROSA,Female,1930,827
67,18,ANA,Female,1930,823
68,19,JUANA,Female,1930,821
69,20,ROSARIO,Female,1930,743
70,21,MANUELA,Female,1930,586
71,22,M DOLORES,Female,1930,556
72,23,M LUISA,Female,1930,533
73,24,JOSEFINA,Female,1930,513
74,25,ANGELES,Female,1930,510
75,26,MARGARITA,Female,1930,487
76,27,M PILAR,Female,1930,468
77,28,JULIA,Female,1930,416
78,29,ANGELA,Female,1930,414
79,30,LUISA,Female,1930,395
80,31,CONSUELO,Female,1930,385
81,32,ENCARNACIO,Female,1930,366
82,33,EMILIA,Female,1930,362
83,34,AMPARO,Female,1930,354
84,35,AURORA,Female,1930,348
85,36,ANA MARIA,Female,1930,334
86,37,ROSER,Female,1930,333
87,38,ELENA,Female,1930,328
88,39,MERCE,Female,1930,324
89,40,CARME,Female,1930,314
90,41,VICTORIA,Female,1930,310
91,42,M ANGELES,Female,1930,305
92,43,JOAQUINA,Female,1930,277
93,44,RAMONA,Female,1930,275
94,45,ENCARNACION,Female,1930,270
95,46,MAGDALENA,Female,1930,267
96,47,ASUNCION,Female,1930,265
97,48,GLORIA,Female,1930,262
98,49,ENRIQUETA,Female,1930,259
99,50,MATILDE,Female,1930,244
100,1,CARMEN,Female,1940,3038
101,2,M CARMEN,Female,1940,2869
102,3,MARIA,Female,1940,2713
103,4,MONTSERRAT,Female,1940,2585
104,5,JOSEFA,Female,1940,2130
105,6,M TERESA,Female,1940,2005
106,7,PILAR,Female,1940,1793
107,8,ISABEL,Female,1940,1770
108,9,MERCEDES,Female,1940,1504
109,10,FRANCISCA,Female,1940,1474
110,11,ROSA,Female,1940,1385
111,12,DOLORES,Female,1940,1300
112,13,ANTONIA,Female,1940,1299
113,14,CONCEPCION,Female,1940,1277
114,15,M ROSA,Female,1940,1204
115,16,TERESA,Female,1940,1190
116,17,M DOLORES,Female,1940,1151
117,18,M PILAR,Female,1940,1148
118,19,M LUISA,Female,1940,987
119,20,JUANA,Female,1940,892
120,21,ANA,Female,1940,889
121,22,M ANGELES,Female,1940,836
122,23,ANA MARIA,Female,1940,822
123,24,NURIA,Female,1940,817
124,25,MARGARITA,Female,1940,779
125,26,ROSARIO,Female,1940,754
126,27,M ISABEL,Female,1940,752
127,28,JOSEFINA,Female,1940,744
128,29,MANUELA,Female,1940,718
129,30,ROSA MARIA,Female,1940,618
130,31,GLORIA,Female,1940,560
131,32,ANGELES,Female,1940,549
132,33,ANA M,Female,1940,544
133,34,ROSA M,Female,1940,472
134,35,JULIA,Female,1940,465
135,36,MERCE,Female,1940,453
136,37,ANGELA,Female,1940,439
137,38,MARTA,Female,1940,415
138,39,ENCARNACIO,Female,1940,406
139,40,ELENA,Female,1940,403
140,41,AMPARO,Female,1940,399
141,42,CONSUELO,Female,1940,397
142,43,EMILIA,Female,1940,396
143,44,M ANTONIA,Female,1940,379
144,45,M JOSEFA,Female,1940,377
145,46,MARIA CARMEN,Female,1940,365
146,47,MAGDALENA,Female,1940,356
147,48,MARIA TERESA,Female,1940,355
148,49,LUISA,Female,1940,352
149,50,ALICIA,Female,1940,331
150,1,MONTSERRAT,Female,1950,3929
151,2,M CARMEN,Female,1950,3256
152,3,CARMEN,Female,1950,2317
153,4,M TERESA,Female,1950,2129
154,5,ISABEL,Female,1950,1857
155,6,MARIA,Female,1950,1710
156,7,MERCEDES,Female,1950,1524
157,8,JOSEFA,Female,1950,1468
158,9,NURIA,Female,1950,1457
159,10,M DOLORES,Female,1950,1417
160,11,PILAR,Female,1950,1365
161,12,M ISABEL,Female,1950,1270
162,13,M PILAR,Female,1950,1247
163,14,ANA MARIA,Female,1950,1232
164,15,M ANGELES,Female,1950,1148
165,16,FRANCISCA,Female,1950,1101
166,17,ROSA MARIA,Female,1950,1091
167,18,ANTONIA,Female,1950,1068
168,19,ROSA,Female,1950,1052
169,20,CONCEPCION,Female,1950,1030
170,21,MARGARITA,Female,1950,991
171,22,TERESA,Female,1950,967
172,23,DOLORES,Female,1950,949
173,24,ANA,Female,1950,941
174,25,M LUISA,Female,1950,926
175,26,M ROSA,Female,1950,917
176,27,MARTA,Female,1950,735
177,28,JUANA,Female,1950,671
178,29,MANUELA,Female,1950,654
179,30,ROSA M,Female,1950,637
180,31,ROSARIO,Female,1950,630
181,32,GLORIA,Female,1950,622
182,33,ANA M,Female,1950,618
183,34,JOSEFINA,Female,1950,566
184,35,M JOSE,Female,1950,556
185,36,ELENA,Female,1950,531
186,37,MARIA CARMEN,Female,1950,529
187,38,MERCE,Female,1950,527
188,39,M JESUS,Female,1950,482
189,40,MARIA TERESA,Female,1950,482
190,41,M MERCEDES,Female,1950,461
191,42,LAURA,Female,1950,451
192,43,ESTHER,Female,1950,445
193,44,ANGELES,Female,1950,443
194,45,ALICIA,Female,1950,431
195,46,M ANTONIA,Female,1950,412
196,47,JULIA,Female,1950,408
197,48,CRISTINA,Female,1950,365
198,49,ROSER,Female,1950,365
199,50,M DOLORS,Female,1950,362
200,1,MONTSERRAT,Female,1960,4267
201,2,NURIA,Female,1960,2536
202,3,M CARMEN,Female,1960,2446
203,4,MARTA,Female,1960,2083
204,5,CRISTINA,Female,1960,1860
205,6,SILVIA,Female,1960,1637
206,7,ANA MARIA,Female,1960,1600
207,8,ISABEL,Female,1960,1532
208,9,M TERESA,Female,1960,1523
209,10,MERCEDES,Female,1960,1438
210,11,CARMEN,Female,1960,1234
211,12,ROSA MARIA,Female,1960,1158
212,13,M ISABEL,Female,1960,1145
213,14,ANA,Female,1960,1118
214,15,ESTHER,Female,1960,1095
215,16,OLGA,Female,1960,1068
216,17,M PILAR,Female,1960,1060
217,18,MARIA,Female,1960,1060
218,19,M DOLORES,Female,1960,1050
219,20,M JOSE,Female,1960,1036
220,21,M ANGELES,Female,1960,1016
221,22,LAURA,Female,1960,1001
222,23,YOLANDA,Female,1960,900
223,24,SUSANA,Female,1960,884
224,25,PILAR,Female,1960,862
225,26,GEMMA,Female,1960,851
226,27,EVA,Female,1960,827
227,28,JOSEFA,Female,1960,753
228,29,MARGARITA,Female,1960,743
229,30,ELENA,Female,1960,731
230,31,MONICA,Female,1960,727
231,32,ROSA,Female,1960,695
232,33,FRANCISCA,Female,1960,685
233,34,ANTONIA,Female,1960,652
234,35,ANNA,Female,1960,623
235,36,ANA M,Female,1960,607
236,37,CONCEPCION,Female,1960,604
237,38,M LUISA,Female,1960,603
238,39,M ROSA,Female,1960,596
239,40,MARIA CARMEN,Female,1960,587
240,41,ALICIA,Female,1960,569
241,42,TERESA,Female,1960,564
242,43,GLORIA,Female,1960,535
243,44,MARIA TERESA,Female,1960,526
244,45,DOLORES,Female,1960,523
245,46,ROSA M,Female,1960,517
246,47,M MERCEDES,Female,1960,514
247,48,LOURDES,Female,1960,493
248,49,M JESUS,Female,1960,477
249,50,MERCE,Female,1960,473
250,1,MARTA,Female,1970,3268
251,2,CRISTINA,Female,1970,2745
252,3,MONICA,Female,1970,2561
253,4,SILVIA,Female,1970,2136
254,5,LAURA,Female,1970,2076
255,6,NURIA,Female,1970,2044
256,7,MONTSERRAT,Female,1970,2043
257,8,SONIA,Female,1970,2031
258,9,EVA,Female,1970,1944
259,10,SANDRA,Female,1970,1901
260,11,SUSANA,Female,1970,1682
261,12,YOLANDA,Female,1970,1480
262,13,RAQUEL,Female,1970,1386
263,14,GEMMA,Female,1970,1384
264,15,ANNA,Female,1970,1270
265,16,ESTHER,Female,1970,1190
266,17,MARIA,Female,1970,1169
267,18,ANA,Female,1970,1146
268,19,MIREIA,Female,1970,1103
269,20,OLGA,Female,1970,1049
270,21,ANA MARIA,Female,1970,980
271,22,ELENA,Female,1970,942
272,23,CAROLINA,Female,1970,793
273,24,NATALIA,Female,1970,783
274,25,PATRICIA,Female,1970,758
275,26,M CARMEN,Female,1970,756
276,27,ISABEL,Female,1970,747
277,28,ELISABET,Female,1970,625
278,29,MERITXELL,Female,1970,619
279,30,SARA,Female,1970,599
280,31,BEATRIZ,Female,1970,585
281,32,NOEMI,Female,1970,557
282,33,VANESSA,Female,1970,551
283,34,MIRIAM,Female,1970,538
284,35,LAIA,Female,1970,535
285,36,EVA MARIA,Female,1970,520
286,37,M JOSE,Female,1970,519
287,38,MERCEDES,Female,1970,509
288,39,M TERESA,Female,1970,492
289,40,ALICIA,Female,1970,487
290,41,ROSA MARIA,Female,1970,470
291,42,M ISABEL,Female,1970,443
292,43,ESTER,Female,1970,433
293,44,CARMEN,Female,1970,427
294,45,LIDIA,Female,1970,409
295,46,MARIA TERESA,Female,1970,409
296,47,VERONICA,Female,1970,401
297,48,IRENE,Female,1970,399
298,49,RUTH,Female,1970,387
299,50,MARIA JOSE,Female,1970,365
300,1,LAURA,Female,1980,2845
301,2,MARTA,Female,1980,2780
302,3,CRISTINA,Female,1980,2405
303,4,ANNA,Female,1980,1895
304,5,MARIA,Female,1980,1752
305,6,NURIA,Female,1980,1314
306,7,SILVIA,Female,1980,1159
307,8,ANA,Female,1980,1146
308,9,PATRICIA,Female,1980,1144
309,10,MIREIA,Female,1980,1125
310,11,SARA,Female,1980,1122
311,12,RAQUEL,Female,1980,1093
312,13,ALBA,Female,1980,972
313,14,ELENA,Female,1980,914
314,15,SANDRA,Female,1980,884
315,16,LAIA,Female,1980,861
316,17,MIRIAM,Female,1980,815
317,18,EVA,Female,1980,743
318,19,NATALIA,Female,1980,739
319,20,MONICA,Female,1980,716
320,21,IRENE,Female,1980,710
321,22,CAROLINA,Female,1980,705
322,23,SONIA,Female,1980,672
323,24,ANDREA,Female,1980,653
324,25,GEMMA,Female,1980,638
325,26,MARINA,Female,1980,637
326,27,VANESSA,Female,1980,635
327,28,VERONICA,Female,1980,629
328,29,ELISABET,Female,1980,622
329,30,BEATRIZ,Female,1980,615
330,31,JESSICA,Female,1980,603
331,32,MONTSERRAT,Female,1980,592
332,33,LORENA,Female,1980,541
333,34,ESTHER,Female,1980,525
334,35,CARLA,Female,1980,517
335,36,PAULA,Female,1980,478
336,37,ANA MARIA,Female,1980,476
337,38,CLARA,Female,1980,470
338,39,ALEXANDRA,Female,1980,441
339,40,ISABEL,Female,1980,412
340,41,SUSANA,Female,1980,412
341,42,MERITXELL,Female,1980,397
342,43,OLGA,Female,1980,396
343,44,JULIA,Female,1980,379
344,45,CLAUDIA,Female,1980,370
345,46,ESTER,Female,1980,370
346,47,LUCIA,Female,1980,365
347,48,NOELIA,Female,1980,346
348,49,DIANA,Female,1980,341
349,50,HELENA,Female,1980,340
350,1,LAURA,Female,1990,2329
351,2,MARIA,Female,1990,2073
352,3,MARTA,Female,1990,1947
353,4,ANNA,Female,1990,1677
354,5,ANDREA,Female,1990,1550
355,6,CRISTINA,Female,1990,1355
356,7,PAULA,Female,1990,1150
357,8,SARA,Female,1990,1121
358,9,ALBA,Female,1990,1050
359,10,CARLA,Female,1990,967
360,11,LAIA,Female,1990,937
361,12,JULIA,Female,1990,927
362,13,CLAUDIA,Female,1990,892
363,14,MIREIA,Female,1990,861
364,15,MARINA,Female,1990,841
365,16,NURIA,Female,1990,804
366,17,ANA,Female,1990,741
367,18,SANDRA,Female,1990,711
368,19,IRENE,Female,1990,698
369,20,PATRICIA,Female,1990,691
370,21,CLARA,Female,1990,682
371,22,ARIADNA,Female,1990,637
372,23,RAQUEL,Female,1990,605
373,24,JUDIT,Female,1990,582
374,25,ELENA,Female,1990,536
375,26,SILVIA,Female,1990,535
376,27,BERTA,Female,1990,505
377,28,NATALIA,Female,1990,503
378,29,MONICA,Female,1990,473
379,30,MIRIAM,Female,1990,467
380,31,HELENA,Female,1990,439
381,32,GEMMA,Female,1990,394
382,33,EVA,Female,1990,378
383,34,JUDITH,Female,1990,377
384,35,CARLOTA,Female,1990,360
385,36,CAROLINA,Female,1990,349
386,37,SONIA,Female,1990,341
387,38,BLANCA,Female,1990,324
388,39,AINA,Female,1990,321
389,40,MAR,Female,1990,311
390,41,LORENA,Female,1990,296
391,42,INES,Female,1990,289
392,43,BEATRIZ,Female,1990,279
393,44,SOFIA,Female,1990,277
394,45,ADRIANA,Female,1990,274
395,46,NEREA,Female,1990,260
396,47,ELISABET,Female,1990,253
397,48,ALEXANDRA,Female,1990,250
398,49,NOELIA,Female,1990,239
399,50,GEORGINA,Female,1990,236
400,1,MARIA,Female,2000,1862
401,2,PAULA,Female,2000,1522
402,3,LAIA,Female,2000,1470
403,4,JULIA,Female,2000,1381
404,5,CARLA,Female,2000,1291
405,6,LAURA,Female,2000,1185
406,7,LUCIA,Female,2000,1089
407,8,CLAUDIA,Female,2000,1086
408,9,MARTA,Female,2000,1057
409,10,ANNA,Female,2000,1056
410,11,ALBA,Female,2000,1021
411,12,MARTINA,Female,2000,989
412,13,SARA,Female,2000,886
413,14,ANDREA,Female,2000,819
414,15,MARINA,Female,2000,714
415,16,ARIADNA,Female,2000,709
416,17,AINA,Female,2000,681
417,18,BERTA,Female,2000,679
418,19,MIREIA,Female,2000,630
419,20,CLARA,Female,2000,610
420,21,IRENE,Female,2000,549
421,22,SOFIA,Female,2000,543
422,23,CRISTINA,Female,2000,531
423,24,NURIA,Female,2000,527
424,25,MAR,Female,2000,505
425,26,CARLOTA,Female,2000,500
426,27,EMMA,Female,2000,488
427,28,JANA,Female,2000,473
428,29,ANA,Female,2000,449
429,30,NATALIA,Female,2000,408
430,31,INES,Female,2000,390
431,32,NEREA,Female,2000,390
432,33,MARIONA,Female,2000,382
433,34,AINHOA,Female,2000,381
434,35,JUDITH,Female,2000,376
435,36,JUDIT,Female,2000,374
436,37,NOA,Female,2000,373
437,38,BLANCA,Female,2000,352
438,39,ONA,Female,2000,335
439,40,HELENA,Female,2000,325
440,41,ELENA,Female,2000,324
441,42,ABRIL,Female,2000,313
442,43,DANIELA,Female,2000,313
443,44,ADRIANA,Female,2000,287
444,45,AITANA,Female,2000,257
445,46,SANDRA,Female,2000,248
446,47,EVA,Female,2000,244
447,48,MIRIAM,Female,2000,241
448,49,PATRICIA,Female,2000,238
449,50,JOANA,Female,2000,236
450,1,MARTINA,Female,2010,1105
451,2,JULIA,Female,2010,1093
452,3,LAIA,Female,2010,1010
453,4,LUCIA,Female,2010,923
454,5,MARIA,Female,2010,910
455,6,SOFIA,Female,2010,823
456,7,EMMA,Female,2010,818
457,8,PAULA,Female,2010,782
458,9,CARLA,Female,2010,731
459,10,NOA,Female,2010,706
460,11,AINA,Female,2010,699
461,12,CLAUDIA,Female,2010,654
462,13,SARA,Female,2010,576
463,14,ONA,Female,2010,542
464,15,ALBA,Female,2010,537
465,16,VALENTINA,Female,2010,514
466,17,OLIVIA,Female,2010,477
467,18,ARIADNA,Female,2010,467
468,19,CLARA,Female,2010,449
469,20,DANIELA,Female,2010,436
470,21,JANA,Female,2010,427
471,22,ANNA,Female,2010,399
472,23,ABRIL,Female,2010,392
473,24,NORA,Female,2010,369
474,25,BERTA,Female,2010,356
475,26,ARLET,Female,2010,351
476,27,CARLOTA,Female,2010,349
477,28,CHLOE,Female,2010,346
478,29,VALERIA,Female,2010,339
479,30,MIA,Female,2010,338
480,31,LAURA,Female,2010,330
481,32,INES,Female,2010,323
482,33,MARINA,Female,2010,310
483,34,IRENE,Female,2010,304
484,35,MAR,Female,2010,278
485,36,AINHOA,Female,2010,274
486,37,BRUNA,Female,2010,264
487,38,GALA,Female,2010,258
488,39,BLANCA,Female,2010,255
489,40,ADRIANA,Female,2010,243
490,41,MARTA,Female,2010,241
491,42,MARIONA,Female,2010,240
492,43,LOLA,Female,2010,238
493,44,NURIA,Female,2010,226
494,45,VERA,Female,2010,219
495,46,AITANA,Female,2010,207
496,47,ALEXANDRA,Female,2010,206
497,48,LIA,Female,2010,195
498,49,ANA,Female,2010,191
499,50,ELENA,Female,2010,189
500,1,JOSE,Male,Before 1930,822
501,2,ANTONIO,Male,Before 1930,591
502,3,JUAN,Male,Before 1930,524
503,4,FRANCISCO,Male,Before 1930,520
504,5,MANUEL,Male,Before 1930,481
505,6,RAMON,Male,Before 1930,283
506,7,JOSEP,Male,Before 1930,243
507,8,PEDRO,Male,Before 1930,219
508,9,MIGUEL,Male,Before 1930,208
509,10,LUIS,Male,Before 1930,198
510,11,JOAN,Male,Before 1930,197
511,12,JOAQUIN,Male,Before 1930,159
512,13,JOSE M,Male,Before 1930,151
513,14,ANGEL,Male,Before 1930,148
514,15,VICENTE,Male,Before 1930,142
515,16,JAIME,Male,Before 1930,139
516,17,RAFAEL,Male,Before 1930,139
517,18,ENRIQUE,Male,Before 1930,134
518,19,JORDI,Male,Before 1930,118
519,20,JESUS,Male,Before 1930,117
520,21,CARLOS,Male,Before 1930,105
521,22,SALVADOR,Male,Before 1930,97
522,23,JAUME,Male,Before 1930,96
523,24,FERNANDO,Male,Before 1930,95
524,25,EMILIO,Male,Before 1930,85
525,26,JORGE,Male,Before 1930,85
526,27,FRANCESC,Male,Before 1930,79
527,28,ANTONI,Male,Before 1930,76
528,29,DOMINGO,Male,Before 1930,73
529,30,RICARDO,Male,Before 1930,73
530,31,ALFONSO,Male,Before 1930,71
531,32,JOSEP M,Male,Before 1930,69
532,33,AGUSTIN,Male,Before 1930,64
533,34,ANDRES,Male,Before 1930,63
534,35,SANTIAGO,Male,Before 1930,63
535,36,LLUIS,Male,Before 1930,60
536,37,TOMAS,Male,Before 1930,59
537,38,EDUARDO,Male,Before 1930,57
538,39,JOSE MARIA,Male,Before 1930,57
539,40,ALBERTO,Male,Before 1930,54
540,41,FELIX,Male,Before 1930,53
541,42,MARIANO,Male,Before 1930,53
542,43,PERE,Male,Before 1930,51
543,44,JULIAN,Male,Before 1930,47
544,45,ENRIC,Male,Before 1930,45
545,46,GREGORIO,Male,Before 1930,45
546,47,JULIO,Male,Before 1930,45
547,48,MIQUEL,Male,Before 1930,44
548,49,DANIEL,Male,Before 1930,43
549,50,ALEJANDRO,Male,Before 1930,39
550,1,JOSE,Male,1930,3165
551,2,ANTONIO,Male,1930,2368
552,3,MANUEL,Male,1930,1911
553,4,FRANCISCO,Male,1930,1887
554,5,JUAN,Male,1930,1877
555,6,RAMON,Male,1930,906
556,7,PEDRO,Male,1930,860
557,8,LUIS,Male,1930,793
558,9,MIGUEL,Male,1930,751
559,10,JOSEP,Male,1930,725
560,11,JOAN,Male,1930,597
561,12,JOAQUIN,Male,1930,527
562,13,ENRIQUE,Male,1930,526
563,14,JOSE M,Male,1930,523
564,15,RAFAEL,Male,1930,519
565,16,ANGEL,Male,1930,512
566,17,JAIME,Male,1930,461
567,18,JORGE,Male,1930,450
568,19,JESUS,Male,1930,423
569,20,VICENTE,Male,1930,420
570,21,JORDI,Male,1930,411
571,22,FERNANDO,Male,1930,397
572,23,CARLOS,Male,1930,386
573,24,EMILIO,Male,1930,319
574,25,SALVADOR,Male,1930,293
575,26,ANDRES,Male,1930,285
576,27,ALBERTO,Male,1930,271
577,28,JAUME,Male,1930,264
578,29,FRANCESC,Male,1930,252
579,30,EDUARDO,Male,1930,240
580,31,JULIO,Male,1930,236
581,32,SANTIAGO,Male,1930,232
582,33,RICARDO,Male,1930,224
583,34,ANTONI,Male,1930,215
584,35,MARIANO,Male,1930,210
585,36,AGUSTIN,Male,1930,208
586,37,LLUIS,Male,1930,204
587,38,JOSE MARIA,Male,1930,201
588,39,DOMINGO,Male,1930,196
589,40,TOMAS,Male,1930,191
590,41,FELIX,Male,1930,189
591,42,ALFONSO,Male,1930,178
592,43,JULIAN,Male,1930,172
593,44,ENRIC,Male,1930,169
594,45,JOSEP M,Male,1930,163
595,46,JOSE L,Male,1930,158
596,47,PERE,Male,1930,153
597,48,JOSE A,Male,1930,139
598,49,DIEGO,Male,1930,130
599,50,ALFREDO,Male,1930,124
600,1,JOSE,Male,1940,4226
601,2,ANTONIO,Male,1940,3816
602,3,FRANCISCO,Male,1940,2868
603,4,MANUEL,Male,1940,2851
604,5,JUAN,Male,1940,2590
605,6,RAMON,Male,1940,1363
606,7,PEDRO,Male,1940,1264
607,8,JOSE M,Male,1940,1206
608,9,MIGUEL,Male,1940,1145
609,10,LUIS,Male,1940,1143
610,11,JOSEP,Male,1940,1058
611,12,JOAN,Male,1940,976
612,13,ANGEL,Male,1940,930
613,14,RAFAEL,Male,1940,859
614,15,CARLOS,Male,1940,834
615,16,FERNANDO,Male,1940,825
616,17,JESUS,Male,1940,816
617,18,JAIME,Male,1940,799
618,19,ENRIQUE,Male,1940,777
619,20,JORDI,Male,1940,743
620,21,JOAQUIN,Male,1940,719
621,22,JORGE,Male,1940,694
622,23,VICENTE,Male,1940,609
623,24,JOSE L,Male,1940,598
624,25,SANTIAGO,Male,1940,512
625,26,JOSE MARIA,Male,1940,508
626,27,SALVADOR,Male,1940,486
627,28,JOSE LUIS,Male,1940,476
628,29,JAUME,Male,1940,475
629,30,ALBERTO,Male,1940,462
630,31,JOSEP M,Male,1940,442
631,32,EDUARDO,Male,1940,433
632,33,RICARDO,Male,1940,425
633,34,JOSE A,Male,1940,412
634,35,ANDRES,Male,1940,403
635,36,EMILIO,Male,1940,399
636,37,ANTONI,Male,1940,385
637,38,FRANCESC,Male,1940,381
638,39,LLUIS,Male,1940,349
639,40,AGUSTIN,Male,1940,336
640,41,JULIO,Male,1940,332
641,42,ALFONSO,Male,1940,314
642,43,TOMAS,Male,1940,287
643,44,MIQUEL,Male,1940,279
644,45,ENRIC,Male,1940,274
645,46,PERE,Male,1940,274
646,47,JOSE ANTONIO,Male,1940,272
647,48,FELIX,Male,1940,258
648,49,ALBERT,Male,1940,243
649,50,JULIAN,Male,1940,242
650,1,ANTONIO,Male,1950,3587
651,2,JOSE,Male,1950,3414
652,3,FRANCISCO,Male,1950,2762
653,4,MANUEL,Male,1950,2754
654,5,JUAN,Male,1950,2278
655,6,JORDI,Male,1950,1720
656,7,JORGE,Male,1950,1567
657,8,CARLOS,Male,1950,1539
658,9,RAMON,Male,1950,1361
659,10,PEDRO,Male,1950,1249
660,11,LUIS,Male,1950,1164
661,12,JOSE M,Male,1950,1146
662,13,MIGUEL,Male,1950,1139
663,14,JOSEP,Male,1950,1114
664,15,JOAN,Male,1950,1095
665,16,RAFAEL,Male,1950,996
666,17,FERNANDO,Male,1950,926
667,18,ENRIQUE,Male,1950,909
668,19,ANGEL,Male,1950,907
669,20,JESUS,Male,1950,852
670,21,JAIME,Male,1950,811
671,22,JOSE LUIS,Male,1950,793
672,23,JOAQUIN,Male,1950,741
673,24,JAVIER,Male,1950,739
674,25,JOSE MARIA,Male,1950,711
675,26,FRANCISCO JAVIER,Male,1950,672
676,27,ALBERTO,Male,1950,662
677,28,JOSE L,Male,1950,655
678,29,SALVADOR,Male,1950,577
679,30,JOSE A,Male,1950,557
680,31,VICENTE,Male,1950,538
681,32,JAUME,Male,1950,536
682,33,SANTIAGO,Male,1950,518
683,34,JOSE ANTONIO,Male,1950,507
684,35,EDUARDO,Male,1950,504
685,36,RICARDO,Male,1950,483
686,37,ANTONI,Male,1950,467
687,38,FRANCESC,Male,1950,453
688,39,EMILIO,Male,1950,447
689,40,ANDRES,Male,1950,442
690,41,XAVIER,Male,1950,422
691,42,JOSEP M,Male,1950,406
692,43,ALBERT,Male,1950,402
693,44,LLUIS,Male,1950,400
694,45,ALFONSO,Male,1950,396
695,46,ENRIC,Male,1950,362
696,47,JOSE MANUEL,Male,1950,360
697,48,AGUSTIN,Male,1950,357
698,49,PERE,Male,1950,328
699,50,TOMAS,Male,1950,325
700,1,ANTONIO,Male,1960,2926
701,2,JORDI,Male,1960,2924
702,3,JORGE,Male,1960,2338
703,4,CARLOS,Male,1960,2279
704,5,MANUEL,Male,1960,2137
705,6,JOSE,Male,1960,2129
706,7,FRANCISCO,Male,1960,2048
707,8,JAVIER,Male,1960,1832
708,9,JUAN,Male,1960,1568
709,10,FRANCISCO JAVIER,Male,1960,1469
710,11,DAVID,Male,1960,1370
711,12,JOSE LUIS,Male,1960,1166
712,13,RAMON,Male,1960,1141
713,14,FERNANDO,Male,1960,1069
714,15,JUAN CARLOS,Male,1960,1057
715,16,ALBERTO,Male,1960,1054
716,17,XAVIER,Male,1960,1015
717,18,LUIS,Male,1960,1011
718,19,RAFAEL,Male,1960,1010
719,20,PEDRO,Male,1960,976
720,21,MIGUEL,Male,1960,975
721,22,JOSE ANTONIO,Male,1960,943
722,23,JOAN,Male,1960,911
723,24,JOSEP,Male,1960,895
724,25,ENRIQUE,Male,1960,874
725,26,JOSE M,Male,1960,779
726,27,ANGEL,Male,1960,755
727,28,JAIME,Male,1960,746
728,29,JESUS,Male,1960,745
729,30,SERGIO,Male,1960,736
730,31,JOSE MARIA,Male,1960,725
731,32,ALBERT,Male,1960,707
732,33,EDUARDO,Male,1960,685
733,34,RICARDO,Male,1960,675
734,35,MIGUEL ANGEL,Male,1960,673
735,36,JOAQUIN,Male,1960,672
736,37,JOSE MANUEL,Male,1960,672
737,38,ALEJANDRO,Male,1960,656
738,39,SANTIAGO,Male,1960,634
739,40,DANIEL,Male,1960,613
740,41,JAUME,Male,1960,572
741,42,OSCAR,Male,1960,521
742,43,FRANCESC,Male,1960,520
743,44,JUAN JOSE,Male,1960,486
744,45,SALVADOR,Male,1960,482
745,46,CARLES,Male,1960,469
746,47,ANDRES,Male,1960,465
747,48,JOSE L,Male,1960,428
748,49,ENRIC,Male,1960,419
749,50,LLUIS,Male,1960,413
750,1,DAVID,Male,1970,4393
751,2,JORDI,Male,1970,3485
752,3,DANIEL,Male,1970,2510
753,4,CARLOS,Male,1970,2307
754,5,JAVIER,Male,1970,2287
755,6,OSCAR,Male,1970,2246
756,7,SERGIO,Male,1970,2068
757,8,JORGE,Male,1970,1980
758,9,ANTONIO,Male,1970,1841
759,10,XAVIER,Male,1970,1489
760,11,ALEJANDRO,Male,1970,1449
761,12,MARC,Male,1970,1435
762,13,ALBERTO,Male,1970,1385
763,14,FRANCISCO,Male,1970,1156
764,15,MANUEL,Male,1970,1153
765,16,RAUL,Male,1970,1112
766,17,FRANCISCO JAVIER,Male,1970,1076
767,18,ALBERT,Male,1970,1016
768,19,IVAN,Male,1970,975
769,20,JOSE,Male,1970,953
770,21,JUAN,Male,1970,884
771,22,MIGUEL ANGEL,Male,1970,828
772,23,JUAN CARLOS,Male,1970,808
773,24,LUIS,Male,1970,807
774,25,VICTOR,Male,1970,800
775,26,JOSE LUIS,Male,1970,799
776,27,FERNANDO,Male,1970,794
777,28,MIGUEL,Male,1970,781
778,29,EDUARDO,Male,1970,725
779,30,JOAN,Male,1970,718
780,31,ORIOL,Male,1970,698
781,32,JOSE ANTONIO,Male,1970,692
782,33,RAFAEL,Male,1970,683
783,34,RAMON,Male,1970,678
784,35,MARCOS,Male,1970,673
785,36,ROGER,Male,1970,673
786,37,SERGI,Male,1970,633
787,38,PEDRO,Male,1970,625
788,39,MUHAMMAD,Male,1970,599
789,40,IGNACIO,Male,1970,598
790,41,ENRIQUE,Male,1970,596
791,42,JOSE MANUEL,Male,1970,577
792,43,RICARDO,Male,1970,577
793,44,SANTIAGO,Male,1970,564
794,45,RUBEN,Male,1970,562
795,46,PABLO,Male,1970,551
796,47,JESUS,Male,1970,537
797,48,JAIME,Male,1970,521
798,49,ANGEL,Male,1970,507
799,50,ROBERTO,Male,1970,486
800,1,DAVID,Male,1980,2928
801,2,DANIEL,Male,1980,2392
802,3,JORDI,Male,1980,2172
803,4,MARC,Male,1980,2054
804,5,JAVIER,Male,1980,1825
805,6,CARLOS,Male,1980,1755
806,7,ALBERT,Male,1980,1578
807,8,ALEJANDRO,Male,1980,1457
808,9,SERGIO,Male,1980,1306
809,10,VICTOR,Male,1980,1285
810,11,XAVIER,Male,1980,1279
811,12,ALBERTO,Male,1980,1135
812,13,ORIOL,Male,1980,893
813,14,RUBEN,Male,1980,887
814,15,ANTONIO,Male,1980,850
815,16,IVAN,Male,1980,847
816,17,RAUL,Male,1980,832
817,18,OSCAR,Male,1980,813
818,19,CRISTIAN,Male,1980,796
819,20,JOAN,Male,1980,756
820,21,SERGI,Male,1980,709
821,22,PABLO,Male,1980,692
822,23,MIGUEL,Male,1980,649
823,24,JORGE,Male,1980,640
824,25,ROGER,Male,1980,630
825,26,MUHAMMAD,Male,1980,602
826,27,MANUEL,Male,1980,601
827,28,FRANCISCO,Male,1980,530
828,29,GERARD,Male,1980,518
829,30,EDUARDO,Male,1980,498
830,31,IGNACIO,Male,1980,491
831,32,JUAN,Male,1980,491
832,33,FRANCISCO JAVIER,Male,1980,487
833,34,JOSE,Male,1980,486
834,35,PAU,Male,1980,475
835,36,EDUARD,Male,1980,444
836,37,FERRAN,Male,1980,423
837,38,ADRIAN,Male,1980,420
838,39,MIGUEL ANGEL,Male,1980,420
839,40,LUIS,Male,1980,419
840,41,MARCOS,Male,1980,415
841,42,FERNANDO,Male,1980,407
842,43,GUILLEM,Male,1980,404
843,44,HECTOR,Male,1980,394
844,45,ALEX,Male,1980,388
845,46,ADRIA,Male,1980,385
846,47,CARLES,Male,1980,383
847,48,JESUS,Male,1980,380
848,49,ALVARO,Male,1980,378
849,50,JOSEP,Male,1980,366
850,1,MARC,Male,1990,2584
851,2,DAVID,Male,1990,1808
852,3,DANIEL,Male,1990,1638
853,4,ALBERT,Male,1990,1349
854,5,VICTOR,Male,1990,1342
855,6,ALEJANDRO,Male,1990,1306
856,7,JORDI,Male,1990,1124
857,8,ALEX,Male,1990,1006
858,9,SERGI,Male,1990,1005
859,10,CARLOS,Male,1990,983
860,11,POL,Male,1990,921
861,12,JAVIER,Male,1990,837
862,13,XAVIER,Male,1990,804
863,14,SERGIO,Male,1990,800
864,15,ORIOL,Male,1990,797
865,16,GERARD,Male,1990,795
866,17,GUILLEM,Male,1990,784
867,18,PAU,Male,1990,769
868,19,ADRIA,Male,1990,754
869,20,JOAN,Male,1990,742
870,21,OSCAR,Male,1990,688
871,22,ERIC,Male,1990,607
872,23,PABLO,Male,1990,595
873,24,ADRIAN,Male,1990,593
874,25,ROGER,Male,1990,577
875,26,IVAN,Male,1990,573
876,27,ARNAU,Male,1990,567
877,28,ALVARO,Male,1990,435
878,29,RUBEN,Male,1990,433
879,30,ALBERTO,Male,1990,432
880,31,FERRAN,Male,1990,419
881,32,CRISTIAN,Male,1990,412
882,33,EDUARD,Male,1990,410
883,34,ANTONIO,Male,1990,403
884,35,IGNACIO,Male,1990,401
885,36,MIGUEL,Male,1990,382
886,37,MIQUEL,Male,1990,357
887,38,RAUL,Male,1990,354
888,39,MARTI,Male,1990,338
889,40,GUILLERMO,Male,1990,337
890,41,ALEIX,Male,1990,323
891,42,CARLES,Male,1990,320
892,43,JOEL,Male,1990,304
893,44,ENRIC,Male,1990,301
894,45,HECTOR,Male,1990,297
895,46,LUIS,Male,1990,282
896,47,MUHAMMAD,Male,1990,279
897,48,MANUEL,Male,1990,276
898,49,JAUME,Male,1990,267
899,50,SANTIAGO,Male,1990,258
900,1,MARC,Male,2000,2309
901,2,ALEX,Male,2000,1631
902,3,POL,Male,2000,1563
903,4,PAU,Male,2000,1499
904,5,DANIEL,Male,2000,1246
905,6,DAVID,Male,2000,1239
906,7,ARNAU,Male,2000,1041
907,8,VICTOR,Male,2000,1012
908,9,ALEJANDRO,Male,2000,892
909,10,JOAN,Male,2000,869
910,11,MARTI,Male,2000,849
911,12,ERIC,Male,2000,842
912,13,PABLO,Male,2000,799
913,14,ORIOL,Male,2000,794
914,15,GERARD,Male,2000,764
915,16,JAN,Male,2000,764
916,17,ADRIA,Male,2000,753
917,18,GUILLEM,Male,2000,712
918,19,JORDI,Male,2000,705
919,20,SERGI,Male,2000,654
920,21,JOEL,Male,2000,627
921,22,ALBERT,Male,2000,619
922,23,ROGER,Male,2000,599
923,24,IVAN,Male,2000,568
924,25,CARLOS,Male,2000,514
925,26,XAVIER,Male,2000,505
926,27,OSCAR,Male,2000,497
927,28,HUGO,Male,2000,483
928,29,ALVARO,Male,2000,479
929,30,NICOLAS,Male,2000,456
930,31,BIEL,Male,2000,452
931,32,MAX,Male,2000,442
932,33,LUCAS,Male,2000,432
933,34,ADRIAN,Male,2000,414
934,35,JAVIER,Male,2000,414
935,36,ALEIX,Male,2000,410
936,37,NIL,Male,2000,398
937,38,IKER,Male,2000,391
938,39,BRUNO,Male,2000,388
939,40,MARIO,Male,2000,360
940,41,MIQUEL,Male,2000,360
941,42,HECTOR,Male,2000,358
942,43,RAUL,Male,2000,355
943,44,SERGIO,Male,2000,320
944,45,IGNACIO,Male,2000,317
945,46,GABRIEL,Male,2000,307
946,47,MIGUEL,Male,2000,290
947,48,RUBEN,Male,2000,269
948,49,GUILLERMO,Male,2000,262
949,50,FERRAN,Male,2000,261
950,1,MARC,Male,2010,1422
951,2,ALEX,Male,2010,1037
952,3,POL,Male,2010,1003
953,4,ERIC,Male,2010,902
954,5,PAU,Male,2010,882
955,6,MARTI,Male,2010,811
956,7,BIEL,Male,2010,726
957,8,ARNAU,Male,2010,715
958,9,JAN,Male,2010,702
959,10,DANIEL,Male,2010,653
960,11,HUGO,Male,2010,646
961,12,GERARD,Male,2010,621
962,13,LUCAS,Male,2010,611
963,14,NIL,Male,2010,598
964,15,BRUNO,Male,2010,591
965,16,LEO,Male,2010,552
966,17,MAX,Male,2010,494
967,18,PABLO,Male,2010,479
968,19,ALEIX,Male,2010,472
969,20,DAVID,Male,2010,469
970,21,ADRIA,Male,2010,453
971,22,NICOLAS,Male,2010,435
972,23,VICTOR,Male,2010,430
973,24,MATEO,Male,2010,401
974,25,GUILLEM,Male,2010,379
975,26,ALEJANDRO,Male,2010,373
976,27,JOAN,Male,2010,350
977,28,JOEL,Male,2010,346
978,29,ORIOL,Male,2010,344
979,30,ROGER,Male,2010,329
980,31,JORDI,Male,2010,321
981,32,GABRIEL,Male,2010,318
982,33,GAEL,Male,2010,307
983,34,MARIO,Male,2010,305
984,35,TEO,Male,2010,302
985,36,ROC,Male,2010,282
986,37,DIEGO,Male,2010,264
987,38,ADAM,Male,2010,262
988,39,ALVARO,Male,2010,259
989,40,ADRIAN,Male,2010,256
990,41,IKER,Male,2010,240
991,42,LUCA,Male,2010,237
992,43,IAN,Male,2010,236
993,44,LLUC,Male,2010,235
994,45,MARTIN,Male,2010,235
995,46,IZAN,Male,2010,234
996,47,TOMAS,Male,2010,231
997,48,DIDAC,Male,2010,221
998,49,ERIK,Male,2010,220
999,50,IVAN,Male,2010,218
1000,1,MARIA,Female,TOTAL,19173
1001,2,MONTSERRAT,Female,TOTAL,16381
1002,3,MARTA,Female,TOTAL,12754
1003,4,CARMEN,Female,TOTAL,12296
1004,5,NURIA,Female,TOTAL,11195
1005,6,LAURA,Female,TOTAL,10629
1006,7,M CARMEN,Female,TOTAL,10598
1007,8,CRISTINA,Female,TOTAL,9704
1008,9,ISABEL,Female,TOTAL,8662
1009,10,JOSEFA,Female,TOTAL,7837
1010,11,ANA,Female,TOTAL,7794
1011,12,ANNA,Female,TOTAL,7606
1012,13,M TERESA,Female,TOTAL,7499
1013,14,MERCEDES,Female,TOTAL,7074
1014,15,PILAR,Female,TOTAL,6798
1015,16,SILVIA,Female,TOTAL,6204
1016,17,ROSA,Female,TOTAL,6041
1017,18,ANA MARIA,Female,TOTAL,5776
1018,19,JULIA,Female,TOTAL,5680
1019,20,FRANCISCA,Female,TOTAL,5509
1020,21,TERESA,Female,TOTAL,5322
1021,22,ANTONIA,Female,TOTAL,5230
1022,23,DOLORES,Female,TOTAL,5130
1023,24,ELENA,Female,TOTAL,5016
1024,25,SARA,Female,TOTAL,4924
1025,26,LAIA,Female,TOTAL,4833
1026,27,MONICA,Female,TOTAL,4780
1027,28,CONCEPCION,Female,TOTAL,4731
1028,29,M DOLORES,Female,TOTAL,4713
1029,30,EVA,Female,TOTAL,4498
1030,31,M PILAR,Female,TOTAL,4476
1031,32,PAULA,Female,TOTAL,4346
1032,33,MIREIA,Female,TOTAL,4275
1033,34,ESTHER,Female,TOTAL,4001
1034,35,M ROSA,Female,TOTAL,3980
1035,36,SANDRA,Female,TOTAL,3894
1036,37,M ISABEL,Female,TOTAL,3876
1037,38,MARINA,Female,TOTAL,3856
1038,39,RAQUEL,Female,TOTAL,3840
1039,40,M ANGELES,Female,TOTAL,3833
1040,41,ALBA,Female,TOTAL,3782
1041,42,GEMMA,Female,TOTAL,3728
1042,43,MARGARITA,Female,TOTAL,3727
1043,44,ROSA MARIA,Female,TOTAL,3684
1044,45,CARLA,Female,TOTAL,3673
1045,46,SONIA,Female,TOTAL,3651
1046,47,ANDREA,Female,TOTAL,3617
1047,48,LUCIA,Female,TOTAL,3604
1048,49,M LUISA,Female,TOTAL,3467
1049,50,SUSANA,Female,TOTAL,3457
1050,1,ANTONIO,Male,TOTAL,16709
1051,2,JOSE,Male,TOTAL,15740
1052,3,JORDI,Male,TOTAL,13723
1053,4,DAVID,Male,TOTAL,12528
1054,5,MANUEL,Male,TOTAL,12453
1055,6,FRANCISCO,Male,TOTAL,12133
1056,7,CARLOS,Male,TOTAL,10866
1057,8,JUAN,Male,TOTAL,10760
1058,9,MARC,Male,TOTAL,10099
1059,10,DANIEL,Male,TOTAL,9715
1060,11,JAVIER,Male,TOTAL,8387
1061,12,JORGE,Male,TOTAL,8149
1062,13,JOAN,Male,TOTAL,7211
1063,14,ALEJANDRO,Male,TOTAL,6819
1064,15,MIGUEL,Male,TOTAL,6438
1065,16,RAMON,Male,TOTAL,6390
1066,17,ALBERT,Male,TOTAL,6248
1067,18,LUIS,Male,TOTAL,6108
1068,19,PEDRO,Male,TOTAL,5933
1069,20,XAVIER,Male,TOTAL,5869
1070,21,VICTOR,Male,TOTAL,5818
1071,22,SERGIO,Male,TOTAL,5640
1072,23,ALBERTO,Male,TOTAL,5635
1073,24,JOSEP,Male,TOTAL,5376
1074,25,OSCAR,Male,TOTAL,5070
1075,26,RAFAEL,Male,TOTAL,4883
1076,27,FERNANDO,Male,TOTAL,4837
1077,28,ANGEL,Male,TOTAL,4567
1078,29,ALEX,Male,TOTAL,4448
1079,30,ENRIQUE,Male,TOTAL,4439
1080,31,JOSE M,Male,TOTAL,4367
1081,32,FRANCISCO JAVIER,Male,TOTAL,4218
1082,33,JESUS,Male,TOTAL,4132
1083,34,PAU,Male,TOTAL,3993
1084,35,PABLO,Male,TOTAL,3954
1085,36,JAIME,Male,TOTAL,3939
1086,37,JOSE LUIS,Male,TOTAL,3912
1087,38,POL,Male,TOTAL,3855
1088,39,ORIOL,Male,TOTAL,3701
1089,40,JOAQUIN,Male,TOTAL,3663
1090,41,SANTIAGO,Male,TOTAL,3547
1091,42,EDUARDO,Male,TOTAL,3519
1092,43,SERGI,Male,TOTAL,3456
1093,44,IVAN,Male,TOTAL,3285
1094,45,JAUME,Male,TOTAL,3204
1095,46,RAUL,Male,TOTAL,3146
1096,47,JOSE MARIA,Male,TOTAL,3140
1097,48,JOSE ANTONIO,Male,TOTAL,2994
1098,49,RICARDO,Male,TOTAL,2991
1099,50,GERARD,Male,TOTAL,2988
